#(0000,0,null,null), #headquarter
#(1000,1,null,0000), #china
#(2000,1,null,0000), #USA
use ship;

insert into store values
(2100,'California',2,12136200081,2000), -- CA-(los angeles)
(2101,'Los Angeles',3,12136285000,2100), -- los angeles
(2102,'San Fransisco',3,14159299200,2100), -- san francisco
(2103,'San Jose',3,14082939803,2100); -- san jose

 
insert store_add values
(2100,'USA','CA','CA(Los Angeles)','645 W 9TH ST','90015','-08:00'), -- CA
(2101,'USA','CA','Los Angeles','401 E 2ND ST','90012','-08:00'), -- los angeles
(2102,'USA','CA','San Francisco','1770 POST ST','94115','-08:00'), -- san francisco
(2103,'USA','CA','San Jose','88 S 3RD ST','95113','-08:00'); -- san jose
 
 
insert zipcode values
('90010',2101),
('90011',2101),
('90012',2101),
('90013',2101),
('90014',2101),
('90015',2101),
('90016',2101),
('90017',2101),
('90018',2101),
('90019',2101),
('90020',2101), -- los angeles end
('94110',2102),
('94111',2102),
('94112',2102),
('94113',2102),
('94114',2102),
('94115',2102),
('94116',2102),
('94117',2102),
('94118',2102),
('94119',2102),
('94120',2102), -- san francisco end
('95110',2103),
('95111',2103),
('95112',2103),
('95113',2103),
('95114',2103),
('95115',2103),
('95116',2103),
('95117',2103),
('95118',2103),
('95119',2103),
('95120',2103); -- san jose end
 
 
insert courier values
(001,2101),
(002,2101),
(003,2101),
(004,2101),
(005,2101),
(001,2102),
(002,2102),
(003,2102),
(004,2102),
(005,2102),
(001,2103),
(002,2103),
(003,2103),
(004,2103),
(005,2103);
 
 
insert route values
(0021001,2100,2101), -- from CA to cites
(0021002,2100,2102),
(0021003,2100,2103),
(0021004,2101,2100), -- from cites to CA
(0021005,2102,2100),
(0021006,2103,2100),
(0021007,2101,2102), -- between cites
(0021008,2101,2103),
(0021009,2102,2101),
(0021010,2102,2103),
(0021011,2103,2101),
(0021012,2103,2102);
 
insert instance values
-- 2015-03-23 ~ 2015-03-29  between province to city: 3/week, between cities: 2/week
(0021001,001,'AUTOMOBILE','2015-03-23 09:00:00', '2015-03-23 09:40:00'),
(0021001,002,'AUTOMOBILE','2015-03-25 09:00:00', '2015-03-25 09:40:00'),
(0021001,003,'AUTOMOBILE','2015-03-27 09:00:00', '2015-03-27 09:40:00'),
(0021002,001,'TRAIN','2015-03-23 09:00:00','2015-03-23 14:00:00'),
(0021002,002,'TRAIN','2015-03-25 09:00:00','2015-03-25 14:00:00'),
(0021002,003,'TRAIN','2015-03-27 09:00:00','2015-03-27 14:00:00'),
(0021003,001,'TRAIN','2015-03-23 07:00:00','2015-03-23 12:00:00'),
(0021003,002,'TRAIN','2015-03-25 07:00:00','2015-03-25 12:00:00'),
(0021003,003,'TRAIN','2015-03-27 07:00:00','2015-03-27 12:00:00'),
(0021004,001,'AUTOMOBILE','2015-03-24 09:00:00', '2015-03-24 09:40:00'),
(0021004,002,'AUTOMOBILE','2015-03-26 09:00:00', '2015-03-26 09:40:00'),
(0021004,003,'AUTOMOBILE','2015-03-28 09:00:00', '2015-03-28 09:40:00'),
(0021005,001,'TRAIN','2015-03-24 09:00:00','2015-03-24 14:00:00'),
(0021005,002,'TRAIN','2015-03-26 09:00:00','2015-03-26 14:00:00'),
(0021005,003,'TRAIN','2015-03-28 09:00:00','2015-03-28 14:00:00'),
(0021006,001,'TRAIN','2015-03-24 07:00:00','2015-03-24 12:00:00'),
(0021006,002,'TRAIN','2015-03-26 07:00:00','2015-03-26 12:00:00'),
(0021006,003,'TRAIN','2015-03-28 07:00:00','2015-03-28 12:00:00'),
(0021007,001,'TRAIN','2015-03-25 09:00:00','2015-03-25 14:00:00'),
(0021007,002,'TRAIN','2015-03-28 09:00:00','2015-03-28 14:00:00'),
(0021008,001,'TRAIN','2015-03-25 07:00:00','2015-03-25 12:00:00'),
(0021008,002,'TRAIN','2015-03-28 07:00:00','2015-03-28 12:00:00'),
(0021009,001,'TRAIN','2015-03-26 09:00:00','2015-03-26 14:00:00'),
(0021009,002,'TRAIN','2015-03-29 09:00:00','2015-03-29 14:00:00'),
(0021010,001,'AUTOMOBILE','2015-03-25 07:00:00','2015-03-25 7:40:00'),
(0021010,002,'AUTOMOBILE','2015-03-28 07:00:00','2015-03-28 7:40:00'),
(0021011,001,'TRAIN','2015-03-26 07:00:00','2015-03-26 12:00:00'),
(0021011,002,'TRAIN','2015-03-29 07:00:00','2015-03-29 12:00:00'),
(0021012,001,'AUTOMOBILE','2015-03-26 07:00:00','2015-03-26 7:40:00'),
(0021012,002,'AUTOMOBILE','2015-03-29 07:00:00','2015-03-29 7:40:00');
 
 
insert customer values
(002100,12136401281,'njames@gmail.com','James','Nicole','-08:00'),
(002101,12136355004,'Nola@outlook.com','Curse','Nola','-08:00'),
(002102,14159495320,'will.cava@sjsu.edu','Cava','Will','-08:00');
 
insert customer_add values
(002100,'USA','CA','Los Angeles','1301 S Olive St','90015'),
(002101,'USA','CA','San Francisco','1776 Sutter St','94115'),
(002102,'USA','CA','San Jose','156 N 12th St','95112');
